,@ID,@Grade,@Source,Body,Body_trans,Question,Question_trans,Solution-Type,Answer,Formula
0,nluds-1028,3,http://www.mathplayground.com,Paul and Vinnie deliver newspapers. Paul made $14 in tips. Vinnie made $16 more than Paul.,Paul과 Vinnie는 신문을 배달합니다. Paul은 팁으로 14달러를 벌었습니다. Vinnie는 Paul보다 16달러를 더 벌었습니다.,How much did Vinnie make?,Vinnie는 얼마를 벌었습니까?,Addition,30 (dollars),14+16=30
1,nluds-0258,3,http://www.k5learning.com,"The very first thing that Rachel tried when they reached England was the food. If she ate 276 grams of bacon and 147 grams of sausages,","Rachel이 영국에 도착했을 때 가장 먼저 시도한 것은 음식이었습니다. 그녀가 276g의 베이컨과 147g의 소시지를 먹었다면,",how much food did she eat in total?,그녀는 총 얼마나 많은 음식을 먹었습니까?,Addition,423 (grams),276+147=423
2,nluds-1698,6,http://www.commoncoresheets.com,"An ice company charged $1.46 for 2 bags of ice. If a convenience store bought 4 bags of ice,",얼음 회사는 얼음 2봉지에 1.46달러를 청구했습니다. 편의점에서 얼음 4봉지 사면,how much would it have cost them?,비용이 얼마나 들까요?,"{'@Subgoal-1': 'Common-Division', '#text': 'Multiplication'}",2.92 (dollars),(1.46/2)*4=2.92
3,nluds-1777,4,http://www.commoncoresheets.com,"Katie had 9 math problems for homework. If she finished 5 of them on the bus ride home,","Katie는 숙제로 9개의 수학 문제가 있었습니다. 집에 가는 버스에서 5개를 완성했다면,",how many more did she have to do?,그녀는 얼마나 더 해야 했는가?,Subtraction,4 (math problems),9-5=4
4,nluds-2292,3,http://www.dadsworksheets.com,"Peter has 54 tickets and 4 pencils. If he shares the tickets among 9 friends,","Peter는 54장의 티켓과 4개의 연필을 가지고 있습니다. 9명의 친구에게 티켓을 공유하면,",how many tickets does each friend get?,각 친구는 몇 장의 티켓을 얻습니까?,Common-Division,6 (tickets),54/9=6
5,nluds-0505,3,http://www.k5learning.com,"They also gathered paper to create some star-shaped papier-mache. If each star requires 20 pieces of paper and they had 680 pieces of paper,","그들은 또한 별 모양의 종이 뭉치를 만들기 위해 종이를 모았습니다. 각 별이 20장의 종이를 필요로 하고 680장의 종이가 있다면,",how many stars were they able to make?,그들은 얼마나 많은 별을 만들 수 있었습니까?,Common-Division,34 (stars),680/20=34
6,nluds-0537,3,http://www.k5learning.com,"If you had 37 bags of cookies with 19 cookies in each bag,","한 봉지에 19개의 쿠키가 들어 있는 37개의 쿠키 봉지가 있다면,",how many cookies would you have?,쿠키가 몇 개나 될까요?,Multiplication,703 (cookies),37*19=703
7,nluds-0523,3,http://www.k5learning.com,179 birds were sitting in a tree. 38 more birds flew up to the tree.,179마리의 새가 나무에 앉아 있었습니다. 38마리의 새가 나무 위로 날아올랐다.,How many birds were there altogether in the tree?,나무에 새가 모두 몇 마리나 있었습니까?,Addition,217 (birds),179+38=217
8,nluds-1776,4,http://www.commoncoresheets.com,"While playing basketball Team A scored 18 points. If each person scored 2 points,",농구를 하면서 A팀은 18점을 득점했다. 1인당 2점을 얻으면,how many people were playing?,얼마나 많은 사람들이 놀고 있었습니까?,Common-Division,9 (people),18/2=9
9,nluds-1855,1,http://www.commoncoresheets.com,Isabel had sixteen bottles of water. After a week she had seven left.,이사벨에게는 열여섯 병의 물이 있었습니다. 일주일 후에 그녀는 7개가 남았습니다.,How many did she drink?,그녀는 얼마나 마셨습니까?,Subtraction,9 (bottles of water),16-7=9
10,nluds-1789,4,http://www.commoncoresheets.com,Jerry had to sell boxes of candy. He started out with 10 boxes and then sold 5.,Jerry는 사탕 상자를 팔아야 했습니다. 그는 10개의 상자로 시작하여 5개의 상자를 판매했습니다.,How many boxes did he have left?,그에게 남은 상자는 몇 개였습니까?,Subtraction,5 (boxes),10-5=5
11,nluds-1897,2,http://www.commoncoresheets.com,Paul had eighty-six books. After selling some in a garage sale he had seventy-eight left.,바울은 86권의 책을 가지고 있었습니다. 차고 세일에서 일부를 팔고 나서 그는 78개가 남았습니다.,How many books did he sell?,그는 몇 권의 책을 팔았습니까?,Subtraction,8 (books),86-78=8
12,nluds-1755,3,http://www.commoncoresheets.com,Olivia was collecting cans for recycling. She had four bags with five cans inside each bag.,올리비아는 재활용을 위해 캔을 모으고 있었습니다. 그녀는 각 가방 안에 5개의 캔이 들어 있는 4개의 가방을 가지고 있었습니다.,How many cans did she have?,그녀는 몇 개의 캔을 가지고 있었습니까?,Multiplication,20 (cans),4*5=20
13,nluds-2216,3,http://www.commoncoresheets.com,"Gwen was organizing her book case making sure each of the shelves had exactly four books on it. If she had five shelves of mystery books and three shelves of picture books,","그웬은 책장을 정리하여 각 선반에 정확히 4권의 책이 있는지 확인했습니다. 그녀에게 미스터리 책 5칸과 그림책 3칸이 있다면,",how many books did she have total?,그녀는 총 몇 권의 책을 가지고 있었습니까?,"{'@Subgoal-1': 'Addition', '#text': 'Multiplication'}",32 (books),(5+3)*4=32
14,nluds-2203,3,http://www.commoncoresheets.com,"While playing at the arcade, Kaleb won eight tickets playing 'whack a mole' and seven tickets playing 'skee ball'. If he was trying to buy candy that cost five tickets a piece,","아케이드에서 게임을 하는 동안 Kaleb는 &#39;두더지 때리기&#39; 게임 티켓 8장과 &#39;스키볼&#39; 게임 티켓 7장을 받았습니다. 그가 한 장에 5장짜리 사탕을 사려고 했다면,",how many could he buy?,그는 몇 개를 살 수 있었습니까?,"{'@Subgoal-1': 'Addition', '#text': 'Common-Division'}",3 (pieces of candy),(8+7)/5=3
15,nluds-1037,3,http://www.mathplayground.com,Frannie and Meg are in a jump rope contest. Frannie jumped 53 times without missing. She jumped 18 fewer times than Meg.,Frannie와 Meg는 줄넘기 대회에 참가합니다. Frannie는 놓치지 않고 53번이나 뛰었습니다. 그녀는 Meg보다 18번이나 덜 뛰었습니다.,How many times did Meg jump?,메그는 몇 번이나 점프했습니까?,Addition,71 (times),53+18=71
16,nluds-1371,3,http://www.math-aids.com,"After paying 6 dollars for the pie, Sandy has 57 dollars left.",파이 값으로 6달러를 지불한 후 Sandy는 57달러를 남겼습니다.,How much money did she have before buying the pie ?,그녀는 파이를 사기 전에 얼마나 많은 돈을 가지고 있었습니까?,Addition,63 (dollars),6+57=63
17,nluds-0019,1,http://www.k5learning.com,Jake has 34 fewer balls than Audrey. Audrey has 41 balls.,Jake는 Audrey보다 34개의 적은 공을 가지고 있습니다. Audrey는 41개의 공을 가지고 있습니다.,How many balls does Jake have?,Jake는 몇 개의 공을 가지고 있습니까?,Subtraction,7 (balls),41-34=7
18,nluds-2223,3,http://www.commoncoresheets.com,A store had eighty-seven coloring books in stock. They ended up putting them on sale and getting rid of thirty-three of them. The put the ones they still had onto shelves with six on each shelf.,한 가게에 87권의 색칠 공부 책이 있었습니다. 그들은 결국 그것들을 판매하고 그 중 33개를 처분했습니다. 각 선반에 6개씩 있는 선반에 아직 가지고 있던 것을 놓으십시오.,How many shelves did they use?,그들은 몇 개의 선반을 사용했습니까?,"{'@Subgoal-1': 'Subtraction', '#text': 'Common-Division'}",9 (shelves),(87-33)/6=9
19,nluds-0278,3,http://www.k5learning.com,"Since the result of the vote was close, it was decided that they will balance the menu with both meat and vegetables. This decision was agreed upon by 154 third grade students and 237 fourth grade students.",투표 결과가 가까웠기 때문에 고기와 야채를 함께 곁들여 메뉴의 균형을 맞추기로 했다. 이 결정은 154명의 3학년 학생과 237명의 4학년 학생이 동의했습니다.,How many students agreed with the decision?,그 결정에 동의한 학생은 몇 명입니까?,Addition,391 (students),154+237=391
20,nluds-0599,3,http://www.k5learning.com,Iesha has 344 books. 136 are about school and the rest are about sports.,Iesha는 344권의 책을 가지고 있습니다. 136은 학교에 관한 것이고 나머지는 스포츠에 관한 것입니다.,How many books about sports does Iesha have?,Iesha는 스포츠에 관한 책을 몇 권 가지고 있습니까?,Subtraction,208 (books),344-136=208
21,nluds-1881,1,http://www.commoncoresheets.com,"Frank got fifteen pounds of mushroom for family barbecue. If they ate eight pounds,","Frank는 가족 바베큐를 위해 15파운드의 버섯을 얻었습니다. 8파운드를 먹었다면,",how many pounds were left?,몇 파운드 남았어?,Subtraction,7 (pounds),15-8=7
22,nluds-0565,3,http://www.k5learning.com,"Julian is writing a comic book. His story has 143 frames in all. If he wants to put exactly 11 frames on each page,","Julian은 만화책을 쓰고 있습니다. 그의 이야기에는 모두 143개의 프레임이 있습니다. 만약 그가 각 페이지에 정확히 11개의 프레임을 넣고 싶다면,",how many pages would he have?,그는 몇 페이지를 가지고 있을까요?,Common-Division,13 (pages),143/11=13
23,nluds-0288,3,http://www.k5learning.com,"During Halloween, she was able to get a lot of candies from trick or treating. She decided to give away some of them to the homeless kids nearby. If she has 60 candies and gave away 40,","할로윈 동안 그녀는 트릭 오어 트릿을 통해 많은 사탕을 얻을 수 있었습니다. 그녀는 그 중 일부를 근처의 집 없는 아이들에게 주기로 결정했습니다. 그녀가 60개의 사탕을 가지고 40개를 주면,",how many does she have left?,그녀는 얼마나 남았습니까?,Subtraction,20 (candies),60-40=20
24,nluds-2111,3,http://www.commoncoresheets.com,Adam had 8 boxes of toys. Each box had 6 toys. Later Adam bought 5 more toys.,Adam은 8개의 장난감 상자를 가지고 있었습니다. 각 상자에는 6개의 장난감이 있었습니다. 나중에 Adam은 장난감을 5개 더 샀습니다.,How many toys did he have total?,그는 총 몇 개의 장난감을 가지고 있었습니까?,"{'@Subgoal-1': 'Multiplication', '#text': 'Addition'}",53 (toys),8*6+5=53
25,nluds-0316,3,http://www.k5learning.com,"Mike and his brother Joe found a map leading to a buried treasure in an unknown island so they decided to go on a treasure hunt. After decoding the clues on the map, they found out that they need to go to the Island of Mysteries. To get there, they could either take a plane for $600.00 or a boat for $254.00.",Mike와 그의 형제 Joe는 알려지지 않은 섬에 매장된 보물로 이어지는 지도를 발견하여 보물 찾기를 하기로 결정했습니다. 지도의 단서를 해독한 후 그들은 신비의 섬으로 가야 한다는 것을 알게 되었습니다. 거기에 도착하려면 $600.00에 비행기를 타거나 $254.00에 보트를 탈 수 있습니다.,How much money can they save if they took a boat to the island?,배를 타고 섬으로 간다면 얼마나 많은 돈을 절약할 수 있을까요?,Subtraction,346 (dollars),600-254=346
26,nluds-0928,3,http://www.mathplayground.com,Mom made 32 chocolate chip cookies. It took 24 minutes to mix the ingredients and 16 minutes to bake. Julie and Matt ate 9 cookies after dinner.,"엄마는 32개의 초코칩 쿠키를 만들었어요. 재료를 섞는 데 24분, 굽는 데 16분이 걸렸다. Julie와 Matt는 저녁 식사 후 쿠키 9개를 먹었습니다.",How many cookies were left?,쿠키가 몇 개나 남았습니까?,Subtraction,23 (cookies),32-9=23
27,nluds-0392,3,http://www.k5learning.com,"She also estimated the number of candies that she will receive from each block. If she will receive around 7 pieces of candies from every house, and there are 5 houses in a block,","그녀는 또한 각 블록에서 받을 사탕 수를 추정했습니다. 그녀가 집집마다 사탕을 7개 정도 받고 한 블록에 집이 5개 있다면,",how many candies will she receive from each block?,그녀는 각 블록에서 몇 개의 사탕을 받게 될까요?,Multiplication,35 (candies),7*5=35
28,nluds-0052,1,http://www.k5learning.com,"Shelby's teacher gives out gold stars for great math work. Yesterday, Shelby earned 4 gold stars. Today, she earned 3 more.",Shelby의 선생님은 수학을 잘하면 금 별을 줍니다. 어제 Shelby는 별 4개를 획득했습니다. 오늘 그녀는 3개를 더 벌었습니다.,How many gold stars did Shelby earn in all?,Shelby는 모두 몇 개의 금 별을 얻었습니까?,Addition,7 (gold stars),4+3=7
29,nluds-0593,3,http://www.k5learning.com,"I have 648 pencils. If I put 4 pencils in each pencil box,",648개의 연필이 있습니다. 각 연필 상자에 연필 4개를 넣으면,how many pencil boxes will I fill?,나는 몇 개의 연필 상자를 채울 것인가?,Common-Division,162 (pencil boxes),648/4=162
30,nluds-0444,3,http://www.k5learning.com,"The sanctuary also includes several swamp areas where most of the reptiles usually reside. If there are 4 swamps, each having 356 different reptiles,","성역에는 또한 대부분의 파충류가 일반적으로 거주하는 여러 늪 지역이 있습니다. 4개의 늪이 있고 각각 356개의 다른 파충류가 있다면,",how many reptiles are living in the swamp areas?,늪지대에는 얼마나 많은 파충류가 살고 있습니까?,Multiplication,1424 (reptiles),4*356=1424
31,nluds-0325,3,http://www.k5learning.com,"At the edge of the forest, an anthill is blocking the way out. In order to pass through, he needs to help the ants gather food. If the ants need 911 grains of food and they already have 762,","숲 가장자리에는 개미집이 출구를 막고 있습니다. 통과하려면 개미들이 음식을 모으는 것을 도와야 합니다. 개미가 911알의 식량을 필요로 하고 이미 762알을 가지고 있다면,",how many more grains are needed to be gathered?,얼마나 더 많은 곡식을 모아야 합니까?,Subtraction,149 (grains),911-762=149
32,nluds-0304,3,http://www.k5learning.com,"With the win streak that they have, Chuck's team was able to get into the playoffs. They reached the semi-finals where they played against the Black Team. If they finished the game with 83 points and won it by 18 points,",그들이 가진 연승으로 Chuck의 팀은 플레이오프에 진출할 수 있었습니다. 그들은 준결승에 진출하여 블랙 팀과 대결했습니다. 83점으로 경기를 끝내고 18점 차로 이기면,what is the Black Team's final score?,블랙팀의 최종 스코어는?,Subtraction,65 (points),83-18=65
33,nluds-1743,3,http://www.commoncoresheets.com,"Lana's mom was buying extra school supplies for her and her siblings. If she bought three packs of glue sticks with seven glue sticks in each pack,","Lana의 엄마는 그녀와 그녀의 형제들을 위해 추가 학용품을 구입하고 있었습니다. 그녀가 각 팩에 7개의 글루 스틱이 포함된 3개의 글루 스틱을 샀다면,",how many did she get total?,그녀는 총 몇 개를 얻었습니까?,Multiplication,21 (glue sticks),3*7=21
34,nluds-1854,1,http://www.commoncoresheets.com,"Dave had sixteen apps on his phone. After deleting some, he had eight left.",Dave는 휴대전화에 16개의 앱을 가지고 있었습니다. 일부를 삭제한 후 8개가 남았습니다.,How many apps did he delete?,그는 몇 개의 앱을 삭제했습니까?,Subtraction,8 (apps),16-8=8
35,nluds-0391,3,http://www.k5learning.com,"Annie takes trick or treating seriously. So, days before Halloween, she makes sure that the details of her trick or treating are well planned. First, she wanted to find out the number of houses in her village. If the village has 5 houses per block and has a total of 9 blocks,","Annie는 속임수를 진지하게 받아들입니다. 그래서 할로윈을 며칠 앞두고 그녀는 자신의 트릭이나 치료에 대한 세부 사항이 잘 계획되어 있는지 확인합니다. 먼저 그녀는 자신의 마을에 있는 집의 수를 알고 싶었습니다. 마을에 블록당 5채의 집이 있고 총 9블록이 있는 경우,",how many houses are there in her village?,그녀의 마을에는 집이 몇 채 있습니까?,Multiplication,45 (houses),5*9=45
36,nluds-0574,3,http://www.k5learning.com,Melissa scored 120 points in each game.,Melissa는 각 게임에서 120득점을 기록했습니다.,How many points did she score in 10 games?,그녀는 10경기에서 몇 점을 득점했습니까?,Multiplication,1200 (points),120*10=1200
37,nluds-1738,3,http://www.commoncoresheets.com,Emily is making bead necklaces for her friends. She has twenty-eight beads and each necklace takes seven beads.,Emily는 친구들을 위해 구슬 목걸이를 만들고 있습니다. 그녀는 28개의 구슬을 가지고 있으며 각 목걸이에는 7개의 구슬이 필요합니다.,How many necklaces can Emily make?,Emily는 몇 개의 목걸이를 만들 수 있습니까?,Common-Division,4 (necklaces),28/7=4
38,nluds-0044,1,http://www.k5learning.com,Mrs. Hilt had 15 cents. She bought a pencil for 11 cents.,힐트 부인은 15센트를 가지고 있었습니다. 그녀는 11센트에 연필을 샀다.,How much money did she have left?,그녀에게 남은 돈은 얼마입니까?,Subtraction,4 (cents),15-11=4
39,nluds-1283,2,Created by an Annotator,A store has forty-nine shirts. After selling some there were twenty-eight left.,한 가게에 49벌의 셔츠가 있습니다. 일부를 팔고 나서 28개가 남았습니다.,What's the difference between of the number of shirts before selling and after selling?,판매 전과 판매 후의 셔츠 수의 차이점은 무엇입니까?,Difference,21 (shirts),49-28=21
40,nluds-0475,3,http://www.k5learning.com,"It has been tradition in Shiela's home to hang a sock above the fireplace for each member of the family. This year, she placed a cinnamon ball every day in the socks for 5 of her family members.",Shiela의 집에서는 각 가족 구성원을 위해 벽난로 위에 양말을 걸어두는 것이 전통이었습니다. 올해 그녀는 가족 5명의 양말에 매일 시나몬 공을 넣었습니다.,How long can she do this if she bought 50 cinnamon balls?,시나몬볼 50개를 사면 얼마나 오래 할 수 있습니까?,Common-Division,10 (days),50/5=10
41,nluds-0958,3,http://www.mathplayground.com,Zachary did 47 push-ups in gym class today. David did 15 more push-ups than Zachary.,Zachary는 오늘 체육관 수업에서 47개의 팔굽혀펴기를 했습니다. David는 Zachary보다 팔굽혀펴기 15개를 더 했습니다.,How many push-ups did David do?,David는 얼마나 많은 팔 굽혀 펴기를 했습니까?,Addition,62 (push-ups),47+15=62
42,nluds-1863,1,http://www.commoncoresheets.com,"A museum had thirteen paintings. If they got rid of eight of them,","박물관에는 13개의 그림이 있었습니다. 8개를 없애면,",how many pictures would they have left?,그들은 몇 장의 사진을 남겼을까요?,Subtraction,5 (pictures),13-8=5
43,nluds-1756,3,http://www.commoncoresheets.com,"Jerry is helping to put away books. If he has twelve books to put away and each shelf can hold four books,","Jerry는 책을 치우는 것을 돕고 있습니다. 그가 치워야 할 책이 열두 권 있고 각 선반에 네 권의 책을 담을 수 있다면,",how many shelves will he need?,그는 몇 개의 선반이 필요할까요?,Common-Division,3 (shelves),12/4=3
44,nluds-1746,3,http://www.commoncoresheets.com,Dave was making ice using ice trays. He originally had two ice cubes. But made seven more cubes.,Dave는 얼음 쟁반을 사용하여 얼음을 만들고 있었습니다. 그는 원래 두 개의 얼음 조각을 가지고 있었습니다. 그러나 7개의 큐브를 더 만들었습니다.,How many ice cubes did he have totaled?,그는 총 몇 개의 얼음 조각을 가졌습니까?,Addition,9 (ice cubes),2+7=9
45,nluds-1784,4,http://www.commoncoresheets.com,"For a potluck lunch Debby brought 10 bottles of soda. If everyone only drank 8 of the sodas,","포트럭 점심을 위해 Debby는 소다수 10병을 가져왔습니다. 모두가 탄산음료를 8잔만 마셨다면,",how many did she have to take back home?,그녀는 집에 얼마나 많은 것을 가지고 돌아가야 했습니까?,Subtraction,2 (sodas),10-8=2
46,nluds-0762,4,http://www.ck12.org,"A box can hold 18 pieces of chalk. If there are 3,484 pieces of chalk,","상자에는 18개의 분필을 담을 수 있습니다. 분필이 3,484개 있으면",how many boxes are full to hold all the chalk?,분필을 모두 담을 수 있는 상자는 몇 개입니까?,Ceil-Division,194 (boxes),3484/18=193 r10
47,nluds-2011,2,http://www.commoncoresheets.com,"At the arcade, Jerry won 29 tickets playing 'whack a mole' and 17 tickets playing 'skee ball'. If he spent 12 of his tickets on a hat,","아케이드에서 Jerry는 &#39;두더지 때리기&#39;로 29장의 티켓을, &#39;스키볼&#39;로 17장의 티켓을 획득했습니다. 만약 그가 그의 티켓 중 12장을 모자에 썼다면,",how many tickets does Jerry have left?,Jerry는 티켓이 몇 장 남았나요?,TVQ-Final,34 (tickets),29+17-12=34
48,nluds-1751,3,http://www.commoncoresheets.com,"The roller coaster at the state fair costs five tickets per ride. If you had ten tickets,","주립 박람회의 롤러코스터는 한 번 탈 때 5장의 티켓이 필요합니다. 10장의 티켓이 있다면,",how many times could you ride it?,몇 번이나 탈 수 있니?,Common-Division,2 (times),10/5=2
49,nluds-0029,1,http://www.k5learning.com,2 toucans are sitting on a tree limb. 1 more toucan joins them.,큰부리새 2마리가 나뭇가지에 앉아 있습니다. 1마리의 큰부리새가 더 합류합니다.,How many toucans in all?,큰부리새는 모두 몇 마리입니까?,Addition,3 (toucans),2+1=3
50,nluds-0379,3,http://www.k5learning.com,"They decided to hold the party in their backyard. If they have 8 sets of tables and each set has 7 chairs,","그들은 뒷마당에서 파티를 열기로 결정했습니다. 테이블이 8세트이고 각 세트에 의자가 7개 있는 경우,",how many chairs do they have for the guests?,손님을 위한 의자는 몇 개입니까?,Multiplication,56 (chairs),8*7=56
51,nluds-0111,2,http://www.k5learning.com,There were 14 kids on the soccer field. 22 kids decided to join in.,축구장에는 14명의 아이들이 있었습니다. 22명의 아이들이 참여하기로 결정했습니다.,Now how many kids are on the soccer field?,이제 축구장에 몇 명의 아이들이 있습니까?,Addition,36 (kids),14+22=36
52,nluds-0720,2,http://www.ck12.org,"At a store, there are 92 computers. 31 are sold. 20 are shipped away to a company.",상점에는 92대의 컴퓨터가 있습니다. 31개 판매합니다. 20개는 회사로 배송됩니다.,How many computers are left?,남은 컴퓨터는 몇 대입니까?,TVQ-Final,41 (computers),92-31-20=41
53,nluds-0347,3,http://www.k5learning.com,"He also needed some nails. If he already has 247 nails with him and he found another 144 in his toolshed,","그는 또한 손톱이 필요했습니다. 그가 이미 247개의 못을 가지고 있고 그의 도구 창고에서 또 다른 144개의 못을 발견했다면,",how many more nails does he need to buy if he needs a total of 500 nails?,총 500개의 못이 필요한 경우 몇 개의 못을 더 사야 합니까?,"{'@Subgoal-1': 'Addition', '#text': 'Subtraction'}",109 (nails),500-(247+144)=109
54,nluds-0792,3,http://www.ck12.org,There are 32 students in the class. The teacher divided them into 5 equal groups.,수업에 32명의 학생이 있습니다. 선생님은 그들을 5개의 동등한 그룹으로 나누었습니다.,How many students are there in each group?,각 그룹에 몇 명의 학생이 있습니까?,Floor-Division,6 (students),32/5=6 r2
55,nluds-0558,3,http://www.k5learning.com,There are 544 pots. Each pot has 32 flowers in it.,544개의 화분이 있습니다. 각 화분에는 32개의 꽃이 있습니다.,How many flowers are there in all?,꽃은 모두 몇 개입니까?,Multiplication,17408 (flowers),544*32=17408
56,nluds-1506,5,http://www.mathplayground.com,"To get to school, Chad must either walk around a circular lake or canoe across it. The diameter of the lake is 2 miles.",학교에 가려면 Chad는 원형 호수 주변을 걷거나 카누를 타고 건너야 합니다. 호수의 지름은 2마일입니다.,How much shorter is his trip if he canoes across the lake rather than walks around it? (Use the value of pi = 3.14),그가 호수 주변을 걷는 것보다 카누를 타고 호수를 가로질러 가로질러 간다면 그의 여행은 얼마나 짧아질까요? (파이 = 3.14의 값을 사용),Subtraction,1.14 (miles),3.14-2=1.14
57,nluds-0569,3,http://www.k5learning.com,Lukas averages 12 points per game in basketball.,Lukas는 농구에서 경기당 평균 12득점을 기록합니다.,How many points would he score in 5 games?,그는 5경기에서 몇 점을 득점할까요?,Multiplication,60 (points),12*5=60
58,nluds-0449,3,http://www.k5learning.com,"The next act involved several jugglers. If each juggler is juggling 6 balls at a time,",다음 행위에는 여러 명의 요술쟁이가 참여했습니다. 각 저글러가 한 번에 6개의 공을 저글링하는 경우,how many balls are needed if there are 378 jugglers putting a show at the same time?,378명의 저글러가 동시에 쇼를 펼친다면 몇 개의 공이 필요합니까?,Multiplication,2268 (balls),6*378=2268
59,nluds-0498,3,http://www.k5learning.com,"Susie's mother collected all family pictures and wanted to place all of them in an album. If an album can contain 20 pictures,",수지의 어머니는 가족 사진을 모두 모아 앨범에 넣고 싶었습니다. 앨범에 20장의 사진이 포함될 수 있는 경우,how many albums will she need if there are 480 pictures?,480장의 사진이 있다면 얼마나 많은 앨범이 필요할까요?,Common-Division,24 (albums),480/20=24
60,nluds-0221,3,http://www.k5learning.com,"Penny's class is going to Animaland, the largest zoo on earth, for their science field trip. The zoo has a variety of wild animals in captivity. Their first destination was the aviary. The aviary has 3 species of eagles on show that day. They have 20 Bald Eagles, 15 Harpy Eagles, and 30 Crowned Eagles.","Penny의 수업은 과학 현장 학습을 위해 지구상에서 가장 큰 동물원인 Animaland에 갑니다. 동물원에는 다양한 야생 동물이 사육되고 있습니다. 그들의 첫 번째 목적지는 새장이었다. 새장에는 그날 3종의 독수리가 전시되어 있습니다. 그들은 20마리의 대머리 독수리, 15마리의 하피 독수리, 30마리의 왕관 독수리가 있습니다.",How many eagles are on display that day?,그날 얼마나 많은 독수리가 전시되어 있습니까?,Sum,65 (eagles),20+15+30=65
61,nluds-1883,1,http://www.commoncoresheets.com,"Kaleb has seventeen shirts. If he got rid of seven of them,","칼렙은 17벌의 셔츠를 가지고 있습니다. 그 중 7개를 제거했다면,",how many shirts would Kaleb have?,케일럽은 셔츠를 몇 장 가지고 있었을까요?,Subtraction,10 (shirts),17-7=10
62,nluds-0364,3,http://www.k5learning.com,"After the mountain country, she went to the famous beach on the continent. There, she collected 291 seashells of different colors. If she has 76 red shells and 49 green shells,","산간 지방을 지나 대륙의 유명한 해변으로 갔다. 그곳에서 그녀는 다양한 색상의 조개 291개를 수집했습니다. 그녀가 76개의 빨간 껍질과 49개의 녹색 껍질을 가지고 있다면,",how many shells are not red or green?,얼마나 많은 껍질이 빨간색이나 녹색이 아닌 것입니까?,"{'@Subgoal-1': 'Addition', '#text': 'Subtraction'}",166 (shells),291-(76+49)=166
63,nluds-1586,4,http://www.commoncoresheets.com,"Debby bought 355 bottles of water when they were on sale. If she drank 5 bottles a day,","데비는 세일할 때 물 355병을 샀습니다. 그녀가 하루에 5병을 마셨다면,",how many days would they last her?,그녀는 며칠 동안 버틸까요?,Common-Division,71 (days),355/5=71
64,nluds-1909,2,http://www.commoncoresheets.com,"It takes Mike ninety-eight minutes to walk to school. If he rides a bicycle to school, it would save him sixty-four minutes.",Mike는 학교까지 걸어서 98분 걸립니다. 그가 자전거를 타고 학교에 간다면 64분을 절약할 수 있을 것입니다.,How much time did Mike save?,Mike는 얼마나 많은 시간을 절약했습니까?,Subtraction,34 (minutes),98-64=34
65,nluds-1813,4,http://www.commoncoresheets.com,Carol was helping her mom plant vegetables in the garden. Together they planted 6 rows of potatoes with 9 seeds in each row.,Carol은 그녀의 엄마가 정원에 채소를 심는 것을 돕고 있었습니다. 그들은 함께 각 줄에 9개의 씨앗이 있는 6줄의 감자를 심었습니다.,How many potatoes did they plant total?,그들은 총 몇 개의 감자를 심었습니까?,Multiplication,54 (potatoes),6*9=54
66,nluds-0275,3,http://www.k5learning.com,"After visiting the museum, Benjamin went back to the hotel where he prepared for New Year's Eve at the annual Times Square Ball Drop. To get there, he took 354 steps to the Rockefeller Center then 228 steps to Times Square itself.",박물관을 방문한 후 Benjamin은 연례 타임 스퀘어 볼 드롭에서 새해 전야를 준비했던 호텔로 돌아갔습니다. 그곳에 가려면 록펠러 센터까지 354개의 계단을 가다가 타임스퀘어까지 228개의 계단을 올라갔습니다.,How many steps did he take before reaching Times Square?,그는 타임스퀘어에 도착하기까지 몇 걸음을 걸었을까?,Addition,582 (steps),354+228=582
67,nluds-0371,3,http://www.k5learning.com,"Andrew is having his friends over for game night. So he decided to prepare the snacks and the games. He started by making mini sandwiches. If he has 4 friends coming over and he made 3 sandwiches for each one of them,","Andrew는 게임의 밤에 친구들을 초대합니다. 그래서 그는 간식과 게임을 준비하기로 했습니다. 그는 미니 샌드위치를 만드는 것으로 시작했습니다. 친구 4명이 와서 각자 샌드위치 3개를 만들었다면,",how many sandwiches did he make in total?,그는 총 몇 개의 샌드위치를 만들었습니까?,Multiplication,12 (sandwiches),4*3=12
68,nluds-0959,3,http://www.mathplayground.com,Christine has 11 stickers on her good helper chart. She needs 30 stickers to get a prize.,Christine은 좋은 도우미 차트에 11개의 스티커가 있습니다. 그녀는 상품을 받으려면 30개의 스티커가 필요합니다.,How many more stickers does Christine need?,크리스틴은 스티커가 몇 개 더 필요합니까?,Subtraction,19 (stickers),30-11=19
69,nluds-2230,3,http://www.commoncoresheets.com,"Faye picked eighty-eight flowers for her friend's wedding. She was making bouquets with five flowers in each one. If forty-eight of the flowers wilted before the wedding,",페이는 친구의 결혼식을 위해 88개의 꽃을 골랐습니다. 그녀는 각각 5개의 꽃으로 꽃다발을 만들고 있었습니다. 결혼식 전에 마흔여덟 개의 꽃이 시들면,how many bouquets could she still make?,그녀는 아직도 몇 개의 꽃다발을 만들 수 있습니까?,"{'@Subgoal-1': 'Subtraction', '#text': 'Common-Division'}",8 (bouquets),(88-48)/5=8
70,nluds-2229,3,http://www.commoncoresheets.com,A pet store had forty-five puppies. In one day they sold thirty-nine of them and put the rest into cages with two in each cage.,애완 동물 가게에는 45마리의 강아지가 있었습니다. 하루 만에 39개를 팔고 나머지는 각 새장에 두 개씩 새장에 넣었습니다.,How many cages did they use?,그들은 몇 개의 케이지를 사용했습니까?,"{'@Subgoal-1': 'Subtraction', '#text': 'Common-Division'}",3 (cages),(45-39)/2=3
71,nluds-0530,3,http://www.k5learning.com,Paul had 28 strawberries in his basket. He picked 35 more strawberries.,Paul은 바구니에 28개의 딸기를 가지고 있었습니다. 그는 35개의 딸기를 더 따랐다.,How many strawberries did he have then?,그때 그는 몇 개의 딸기를 가지고 있었습니까?,Addition,63 (strawberries),28+35=63
72,nluds-0206,3,http://www.k5learning.com,"Annie is about to celebrate her birthday next week so her friends decided to throw her a surprise birthday party. Jessica, Annie's best friend, is hosting the party. She plans on making pizza for everyone. If she bought 15 pieces of pepperoni, 10 pieces of salami and 30 pieces of bacon as meat ingredients,","애니가 다음 주에 생일을 축하하려고 해서 친구들이 애니에게 깜짝 생일 파티를 열기로 했습니다. Annie의 가장 친한 친구인 Jessica가 파티를 주최합니다. 그녀는 모두를 위한 피자를 만들 계획입니다. 고기 재료로 페퍼로니 15개, 살라미 소시지 10개, 베이컨 30개를 샀다면,",how many pieces of meat did she buy in total?,그녀는 총 몇 조각의 고기를 샀습니까?,Sum,55 (pieces),15+10+30=55
73,nluds-0635,3,http://www.k5learning.com,Mrs. Hilt is baking bread. She needs 5 cups of flour to bake two loaves of bread.,힐트 부인이 빵을 굽고 있습니다. 그녀는 빵 두 개를 굽기 위해 밀가루 5컵이 필요합니다.,How much flour will she need to make one loaf of bread?,그녀는 빵 한 덩이를 만드는 데 얼마나 많은 밀가루가 필요할까요?,Common-Division,2.5 (cups of flour),5/2=2.5
74,nluds-1255,1,Created by an Annotator,There are 5 flowers and 3 bees.,5개의 꽃과 3개의 벌이 있습니다.,What's the difference of the number of flowers and bees over there?,저기 꽃과 벌의 수의 차이는 무엇입니까?,Difference,2,5-3=2
75,nluds-1598,4,http://www.commoncoresheets.com,"The ring toss game at the carnival made 420 dollars in 3 days. If they made the same amount of money each day,","카니발에서 반지 던지기 게임은 3일 동안 420달러를 벌었습니다. 매일 같은 양의 돈을 벌었다면,",how much did they make per day?,그들은 하루에 얼마를 벌었습니까?,Common-Division,140 (dollars),420/3=140
76,nluds-0232,3,http://www.k5learning.com,"Because of an upcoming exam, Robyn will not be able to sell cookies on Tuesday. To make up for it, Lucy decided to do double the work to catch up. She sold 34 cookies on her first round and 27 on her second round.",다가오는 시험 때문에 Robyn은 화요일에 쿠키를 판매할 수 없습니다. 그것을 만회하기 위해 Lucy는 따라잡기 위해 작업을 두 배로 하기로 결정했습니다. 그녀는 첫 번째 라운드에서 34개의 쿠키를 판매하고 두 번째 라운드에서 27개의 쿠키를 판매했습니다.,How many cookies were sold by Lucy?,Lucy는 쿠키를 몇 개나 팔았습니까?,Addition,61 (cookies),34+27=61
77,nluds-1769,4,http://www.commoncoresheets.com,At the school Halloween party 2 girls and 9 boys dressed as ghosts.,학교 할로윈 파티에서 유령으로 분장한 2명의 소녀와 9명의 소년.,How many people total dressed as a ghost?,유령으로 분장한 사람은 총 몇 명입니까?,Addition,11 (people),2+9=11
78,nluds-2281,3,http://www.dadsworksheets.com,"There are 9 students in the class and 27 Skittles. If the Skittles are divided equally among the students,","학급에는 9명의 학생과 27명의 Skittles가 있습니다. Skittles가 학생들에게 균등하게 분배되면,",how many does each student get?,각 학생은 얼마나 받습니까?,Common-Division,3 (Skittles),27/9=3
79,nluds-1916,2,http://www.commoncoresheets.com,A fast food restaurant had ninety-nine hotdogs. After selling some they had ninety-seven left.,패스트푸드점에는 99개의 핫도그가 있었습니다. 몇 개를 팔고 나서 아흔 일곱 개가 남았습니다.,How many hotdogs did they sell?,얼마나 많은 핫도그를 팔았습니까?,Subtraction,2 (hotdogs),99-97=2
80,nluds-1376,3,http://www.math-aids.com,Last week Fred had 46 dollars and Jason had 13 dollars. Fred washed cars over the weekend and now has 57 dollars.,"지난 주에 Fred는 46달러, Jason은 13달러를 가지고 있었습니다. Fred는 주말에 세차를 했고 지금은 57달러를 가지고 있습니다.",How much money did Fred make washing cars ?,Fred는 세차장에서 얼마나 많은 돈을 벌었습니까?,Subtraction,11 (dollars),57-46=11
81,nluds-0342,3,http://www.k5learning.com,"Next food item she has to prepare is soup. She needs 280 cups of mushroom soup. If the first team made 90 cups, and the third team made 70 cups,",그녀가 준비해야 할 다음 음식은 수프입니다. 그녀는 버섯 수프 280컵이 필요합니다. 첫 번째 팀이 90개의 컵을 만들고 세 번째 팀이 70개의 컵을 만들었다면,how any cups should the second team prepare in order to meet the required amount of soup?,필요한 수프의 양을 채우기 위해 두 번째 팀은 어떤 컵을 준비해야 하나요?,"{'@Subgoal-1': 'Addition', '#text': 'Subtraction'}",120 (cups),280-(90+70)=120
82,nluds-0784,3,http://www.ck12.org,"There were 44 laptops in the shop, and Mike divided them equally into 5 rows.",가게에는 44개의 노트북이 있었고 Mike는 그것을 5줄로 균등하게 나눴습니다.,How many laptops are there in each row?,한 줄에 몇 대의 노트북이 있습니까?,Floor-Division,8 (laptops),44/5=8 r4
83,nluds-0614,3,http://www.k5learning.com,Third-grade students went to a concert in 8 buses. Each bus took 45 students.,3학년 학생들은 8대의 버스를 타고 콘서트에 갔다. 각 버스에는 45명의 학생이 탔습니다.,How many students went to the concert?,얼마나 많은 학생들이 콘서트에 갔습니까?,Multiplication,360 (students),8*45=360
84,nluds-1758,3,http://www.commoncoresheets.com,"Larry's Lawn Care charges nine bucks to trim a hedge. If Henry has three hedges,","Larry&#39;s Lawn Care는 울타리를 다듬는 데 9달러를 청구합니다. 헨리에게 3개의 헤지가 있다면,",how much money would he spend?,그는 얼마나 많은 돈을 쓸 것인가?,Multiplication,27 (bucks),9*3=27
85,nluds-1947,1,http://www.commoncoresheets.com,"In a game you start with 2 lives. If you got 6 extra lives in the first level and 11 more in the second,",게임에서 당신은 2개의 생명으로 시작합니다. 첫 번째 레벨에서 6개의 추가 생명을 얻고 두 번째 레벨에서 11개의 추가 생명을 얻은 경우,how many lives would you have?,당신의 목숨은 몇 개나 될까요?,TVQ-Final,19 (lives),2+6+11=19
86,nluds-0941,3,http://www.mathplayground.com,The book store is very busy today. There are 25 children listening to a story. 36 people are shopping for books. 17 people are at the checkout counter.,서점은 오늘도 바쁘다. 25명의 아이들이 이야기를 듣고 있습니다. 36명이 책을 쇼핑하고 있습니다. 17명이 계산대에 있습니다.,How many people are at the bookstore?,서점에 사람이 몇 명입니까?,Sum,78 (people),25+36+17=78
87,nluds-0918,3,http://www.mathplayground.com,The music room has 27 violins. There are also 15 flutes. 18 students are in the school band.,음악실에는 27개의 바이올린이 있습니다. 15개의 플루트도 있습니다. 18명의 학생이 학교 밴드에 있습니다.,How many instruments are in the music room?,음악실에는 몇 개의 악기가 있습니까?,Addition,42 (instruments),27+15=42
88,nluds-2286,4,http://www.dadsworksheets.com,"Lawrence has 5504 marbles. If he shares them among 64 friends,",로렌스는 5504개의 구슬을 가지고 있습니다. 64명의 친구에게 공유하면,how many marbles does each friend get?,각 친구는 몇 개의 구슬을 얻습니까?,Common-Division,86 (marbles),5504/64=86
89,nluds-0036,1,http://www.k5learning.com,"At Mrs. Hilt's house, there was 29 inches of snow, and Brecknock Elementary School received 17 inches of snow.",힐트 부인의 집에는 29인치의 눈이 내렸고 브렉녹 초등학교에는 17인치의 눈이 내렸습니다.,How much more snow did Mrs. Hilt's house have?,힐트 부인의 집에는 얼마나 많은 눈이 있었습니까?,Subtraction,12 (inches of snow),29-17=12
90,nluds-1902,2,http://www.commoncoresheets.com,Maria had sixty-seven pieces of candy. She ate sixty-four pieces.,마리아는 67개의 사탕을 가지고 있었습니다. 그녀는 64조각을 먹었다.,How many pieces of candy does Maria have now?,마리아는 지금 몇 조각의 사탕을 가지고 있습니까?,Subtraction,3 (pieces of candy),67-64=3
91,nluds-0425,3,http://www.k5learning.com,"After the day, they were able to make 6 institutions happy. If each institution has 80 people.",하루가 지나고 6개 기관을 행복하게 만들 수 있었습니다. 각 기관에 80명이 있는 경우.,How many people were made happy by the mayor and vice-mayor?,시장님과 부시장님 덕분에 얼마나 많은 사람들이 행복했을까요?,Multiplication,480 (people),6*80=480
92,nluds-0407,3,http://www.k5learning.com,"Ben on the other hand, was asked to count the number of cows that they have. He saw that there are a total of 40 cows for every cow herd.",반면에 Ben은 그들이 가지고 있는 소의 수를 세도록 요청받았습니다. 그는 소 떼당 총 40마리의 소가 있는 것을 보았습니다.,How many cows do they have in total if there are 8 cow herds in the farm?,농장에 8마리의 소떼가 있다면 총 몇 마리의 소를 가집니까?,Multiplication,320 (cows),40*8=320
93,nluds-1966,1,http://www.commoncoresheets.com,"For a new year's party 2 red balloons, 12 green balloons and 6 white balloons were used.","송년회에는 빨간풍선 2개, 초록풍선 12개, 흰풍선 6개가 사용되었습니다.",What is the total number of balloons used?,사용한 풍선의 총 개수는 몇 개입니까?,Sum,20 (balloons),2+12+6=20
94,nluds-1268,2,Created by an Annotator,Paul spent $75. Now he has $11.,폴은 75달러를 썼다. 이제 그는 11달러를 가지고 있습니다.,What's the difference between the number of dollars that he spent and he has now?,그가 지출한 달러와 현재 가지고 있는 달러의 차이는 무엇입니까?,Difference,64 (dollars),75-11=64
95,nluds-1020,3,http://www.mathplayground.com,Terry and Grace are building a gear machine. Terry used 37 building pieces. Grace used 45 pieces.,Terry와 Grace는 기어 기계를 만들고 있습니다. Terry는 37개의 건물 조각을 사용했습니다. 그레이스는 45개를 사용했습니다.,How many building pieces did they use altogether?,그들은 모두 몇 개의 건물 조각을 사용했습니까?,Addition,82 (building pieces),37+45=82
96,nluds-1842,1,http://www.commoncoresheets.com,Cody cooked fourteen dumplings. He ate seven.,코디는 만두 열네 개를 요리했습니다. 그는 7개를 먹었다.,How many dumplings does Cody have now?,코디는 지금 몇 개의 만두를 가지고 있습니까?,Subtraction,7 (dumplings),14-7=7
97,nluds-0560,3,http://www.k5learning.com,Beth has 4 packs of crayons. Each pack has 10 crayons in it. She also has 6 extra crayons.,Beth는 크레용 4팩을 가지고 있습니다. 각 팩에는 10개의 크레용이 들어 있습니다. 그녀는 또한 6개의 여분의 크레용을 가지고 있습니다.,How many crayons does Beth have altogether?,Beth는 모두 몇 개의 크레용을 가지고 있습니까?,"{'@Subgoal-1': 'Multiplication', '#text': 'Addition'}",46 (crayons),(4*10)+6=46
98,nluds-0334,3,http://www.k5learning.com,"Since the townspeople requested that he makes a chocolate cake, he will need 306 lbs. of cocoa powder. If the mayor already gave him 259 lbs.,","마을 사람들이 초콜릿 케이크를 만들어달라고 요청했기 때문에 306파운드가 필요할 것입니다. 코코아 가루. 시장이 이미 259파운드를 주었다면,",how much cocoa powder does he still need?,그는 얼마나 많은 코코아 가루가 여전히 필요합니까?,Subtraction,47 (lbs),306-259=47
99,nluds-0786,3,http://www.ck12.org,There are 22 dogs in the farm. They live in 5 dog-houses equally.,농장에는 22마리의 개가 있습니다. 그들은 똑같이 5개의 개집에서 산다.,How many dogs are there in each dog-house?,각 개집에는 몇 마리의 개가 있습니까?,Floor-Division,4 (dogs),22/5=4 r2
100,nluds-1741,3,http://www.commoncoresheets.com,Tiffany was collecting cans for recycling. On Monday she had four bags of cans. The next day she found eight more bags worth.,티파니는 재활용을 위해 캔을 모으고 있었습니다. 월요일에 그녀는 4봉지의 캔을 가지고 있었습니다. 다음 날 그녀는 여덟 개의 가방을 더 찾았습니다.,How many bags did she have totaled?,그녀는 총 몇 개의 가방을 가지고 있었습니까?,Addition,12 (bags),4+8=12
101,nluds-0109,2,http://www.k5learning.com,"Tommy had some balloons. His mom gave him 34 more balloons for his birthday. Then, Tommy had 60 balloons.",Tommy는 풍선을 가지고 있었습니다. 그의 엄마는 그의 생일을 위해 34개의 풍선을 더 주었습니다. 그런 다음 Tommy는 60개의 풍선을 가지고 있었습니다.,How many balloons did Tommy have to start with?,Tommy는 몇 개의 풍선으로 시작해야 했습니까?,Subtraction,26 (balloons),60-34=26
102,nluds-0539,3,http://www.k5learning.com,"If each piece costs 18 cents,",개당 가격이 18센트라면,how much would 136 pieces of bubble gum cost?,풍선껌 136개는 얼마입니까?,Multiplication,2448 (cents),136*18=2448
103,nluds-1886,1,http://www.commoncoresheets.com,A clown had sixteen balloons. He gave four away at a party.,한 광대는 열여섯 개의 풍선을 가지고 있었습니다. 그는 파티에서 4개를 주었습니다.,How many balloons does he still have?,그는 아직 몇 개의 풍선을 가지고 있습니까?,Subtraction,12 (balloons),16-4=12
104,nluds-1592,4,http://www.commoncoresheets.com,"There are 396 students going to a trivia competition. If each school van can hold 9 students,","퀴즈 대회에 참가하는 396명의 학생이 있습니다. 각 학교 밴이 9명의 학생을 태울 수 있다면,",how many vans will they need?,몇 대의 밴이 필요할까요?,Common-Division,44 (vans),396/9=44
105,nluds-1948,1,http://www.commoncoresheets.com,"A chef was making pies. He made 2 apple, 4 pecan and 7 pumpkin pies.","요리사가 파이를 만들고 있었습니다. 그는 사과 2개, 피칸 4개, 호박 파이 7개를 만들었습니다.",How many pies did he make total?,그는 총 몇 개의 파이를 만들었습니까?,Sum,13 (pies),2+4+7=13
106,nluds-1277,1,Created by an Annotator,A waiter had nineteen customers. After some left he still had four customers.,한 웨이터에게는 19명의 고객이 있었습니다. 조금 떠난 후에도 그는 여전히 네 명의 고객을 보유하고 있었습니다.,What's the difference between the number of customers before leaving and after leaving?,퇴실 전과 퇴실 후의 고객 수의 차이는 무엇입니까?,Difference,15 (customers),19-4=15
107,nluds-0774,3,http://www.ck12.org,Mrs. Smith gave 53 strawberries to 8 girls equally.,Smith 부인은 53개의 딸기를 8명의 소녀에게 동등하게 주었습니다.,How many strawberries did each girl get?,각 소녀는 몇 개의 딸기를 얻었습니까?,Floor-Division,6 (strawberries),53/8=6 r5
108,nluds-1894,2,http://www.commoncoresheets.com,"A farmer had ninety-seven tomatoes from his garden. If he picked eighty-three of them,","농부는 정원에서 97개의 토마토를 가지고 있었습니다. 만약 그가 그 중 83개를 골랐다면,",how many would he have left?,그는 얼마나 남았을까?,Subtraction,14 (tomatoes),97-83=14
109,nluds-0023,1,http://www.k5learning.com,You have collected 7 crickets.,귀뚜라미 7마리를 모았습니다.,How many more crickets do you need to collect to have 11 crickets?,귀뚜라미 11마리를 모으려면 귀뚜라미를 몇 개 더 모아야 합니까?,Subtraction,4 (crickets),11-7=4
110,nluds-0722,2,http://www.ck12.org,"Lenny has $84. He spent $24 on video games, and $21 at the grocery store.","레니는 84달러를 가지고 있습니다. 그는 비디오 게임에 24달러, 식료품점에서 21달러를 썼습니다.",How much does Lenny have left?,레니는 얼마나 남았나요?,TVQ-Final,39 (dollars),84-24-21=39
111,nluds-2226,3,http://www.commoncoresheets.com,"Tom had thirty-six pieces of clothing to wash. He put eighteen of them in one load, but decided to split the rest into two equal loads.",Tom은 세탁할 옷이 36벌이 있었습니다. 그는 그 중 18개를 하나의 로드에 넣었지만 나머지는 동일한 두 개의 로드로 나누기로 결정했습니다.,How many pieces of clothing could go in each of the small loads?,각각의 작은 짐에 몇 벌의 옷을 넣을 수 있습니까?,"{'@Subgoal-1': 'Subtraction', '#text': 'Common-Division'}",9 (pieces of clothing),(36-18)/2=9
112,nluds-0728,2,http://www.ck12.org,"Kendra took a road trip. In the afternoon, she saw 4 minivans like hers. Later, in the evening, she saw one more minivan like hers.",Kendra는 여행을 떠났습니다. 오후에 그녀는 자신과 같은 미니밴 4대를 보았습니다. 나중에 저녁에 그녀는 자신과 같은 미니밴을 한 대 더 보았습니다.,How many minivans like hers did she see in all?,그녀와 같은 미니밴은 모두 몇 개나 보았습니까?,Addition,5 (minivans),1+4=5
113,nluds-0028,1,http://www.k5learning.com,2 beavers were working on their home. 1 went for a swim.,2마리의 비버가 집에서 일하고 있었습니다. 1 수영하러 갔다.,How many beavers are still working on their home?,얼마나 많은 비버가 여전히 집에서 일하고 있습니까?,Subtraction,1 (beavers),2-1=1
114,nluds-0317,3,http://www.k5learning.com,"When they arrived at the island's starting point, they looked at the clues and found out that the number of steps they need to take to get to the next clue is the difference between 537 and 369.","섬의 시작 지점에 도착했을 때, 그들은 단서를 살펴보고 다음 단서에 도달하기 위해 거쳐야 하는 단계의 수가 537과 369의 차이임을 알아냈습니다.",How many steps do they have to take to get to the next clue?,다음 단서에 도달하려면 몇 단계를 거쳐야 합니까?,Subtraction,168 (steps),537-369=168
115,nluds-1893,2,http://www.commoncoresheets.com,"Olivia owned ninety-three pennies. After she bought an apple, she had fifty-six pennies left.",올리비아는 93페니를 소유했습니다. 그녀는 사과를 사고 56페니가 남았습니다.,How many did she spend for the apple?,그녀는 사과에 얼마를 썼습니까?,Subtraction,37 (pennies),93-56=37
116,nluds-0524,3,http://www.k5learning.com,Cindy's mom baked 1215 cookies. Paul's dad baked 1112 cookies. They both brought them to school for a party.,Cindy의 엄마는 1215개의 쿠키를 구웠습니다. Paul의 아빠는 1112개의 쿠키를 구웠습니다. 그들은 둘 다 파티를 위해 학교에 데려왔다.,How many cookies did they have altogether?,그들은 모두 몇 개의 쿠키를 가지고 있었습니까?,Addition,2327 (cookies),1215+1112=2327
117,nluds-0458,3,http://www.k5learning.com,"One of his favorites is a book called Encyclopedia of Life and Everything Else. The book has 7 large chapters, each having 566 pages.",그가 가장 좋아하는 책 중 하나는 Encyclopedia of Life and Everything Else라는 책입니다. 이 책은 각각 566페이지로 구성된 7개의 큰 챕터로 구성되어 있습니다.,How many pages does the encyclopedia have in total?,백과사전은 총 몇 페이지입니까?,Multiplication,3962 (pages),7*566=3962
118,nluds-0646,3,http://www.k5learning.com,A pet supply store has 600 bags of dog food and 327 bags of cat food.,애완 동물 용품점에는 개 사료 600봉지와 고양이 사료 327봉지가 있습니다.,How many more bags of dog food are there than cat food?,고양이 사료보다 개 사료가 몇 봉지 더 있습니까?,Subtraction,273 (bags),600-327=273
119,nluds-0163,2,http://www.k5learning.com,Zach scored 42 points in the football game. Ben scored 21 points.,Zach는 미식축구 경기에서 42득점을 기록했습니다. 벤은 21득점을 기록했다.,How many more points did Zach score?,Zach는 몇 점을 더 득점했습니까?,Subtraction,21 (points),42-21=21
120,nluds-1754,3,http://www.commoncoresheets.com,"Tiffany was buying sodas for her and her friends. They needed nine sodas, but Tiffany bought seven extra.",Tiffany는 그녀와 그녀의 친구들을 위해 탄산음료를 사고 있었습니다. 그들은 9개의 탄산음료가 필요했지만 Tiffany는 7개의 탄산음료를 추가로 샀습니다.,How many did she buy?,그녀는 몇 개를 샀습니까?,Addition,16 (sodas),9+7=16
121,nluds-0388,3,http://www.k5learning.com,"At the bird zoo, the kids were able to visit 5 different bird cages, each containing 8 different kinds of birds.",새 동물원에서 아이들은 각각 8종류의 새가 들어 있는 5개의 다른 새장을 방문할 수 있었습니다.,How many different kinds of birds did the children see from the bird cages?,아이들은 새장에서 얼마나 많은 다른 종류의 새를 보았습니까?,Multiplication,40 (kinds of birds),5*8=40
